question_id,image_filename,Marks,solution_image_id,solve_text,subject
1,1002.jpg,2.0,1001.0,"ছেদবিন্দু নির্ণয়: x² + ax = 4ax ⇒ x = 0,3a; y = 0,± √3a

ক্ষেত্রফল = 2 \int_0^{3a} (\sqrt{4ax} - x^2 - \sqrt{ax}) dx

= 2 \int_0^{3a} (\sqrt{4a^2 - (x - 2a)^2} - \sqrt{ax}) dx

= 2 × [\frac{x - 2a}{2}\sqrt{4ax - x^2} + \frac{1}{2} \times (2a)^2 \times sin^{-1}\frac{x - 2a}{2a} - \frac{2}{3}\sqrt{ax^3}]_0^{3a}

= 2 × (\frac{a}{2} \times \sqrt{3a} + 2a^2 \times \frac{\pi}{6} - 2\sqrt{3a^2} + \pi a^2)

= (\frac{8\pi}{3} - 3\sqrt{3})a^2 বর্গ একক। [Ans.]

নম্বর বণ্টন:

x = 0,3a ; y = 0, ± √ 3a নির্ণয়ের জন্য ০২ নম্বর।

ক্ষেত্রফল = 2 \int_0^{3a} (\sqrt{4ax} - x^2 - \sqrt{ax}) dx নির্ণয়ের জন্য ০২ নম্বর।

ক্ষেত্রফল = (\frac{8\pi}{3} - 3\sqrt{3}) a^2 বর্গ একক নির্ণয়ের জন্য ০৬ নম্বর।",Math
3,1004.jpg,0.0,,"ধরি, বর্গাকার তলার বাহুর দৈর্ঘ্য a, পাত্রের উচ্চতা h
V = a²h = 1L = 1dm³
⇒ h = 1/a²
প্লাস্টিকের প্রয়োজন, A = a² + 4ah = a² + 4/a
dA/da = 2a - 4/a² ⇒ d²A/da² = 2 + 8/a³
2a - 4/a² = 0 হলে 2a = 4/a² ⇒ 2a³ = 4
⇒ a = ³√2 dm
d²A/da² a = ³√2 বসিয়ে d²A/da² = 2 + 8/2 = 6 > 0
∴ a = ³√2 dm এর জন্য সবচেয়ে কম প্লাস্টিক প্রয়োজন হবে।
∴ বর্গাকার তলার বাহুর দৈর্ঘ্য = ³√2 dm = 1.2599 dm (Ans.)
∴ পাত্রটির উচ্চতা = 1/(³√2)² dm = 0.6299dm(Ans.)
নম্বর বণ্টনঃ
d²A/da² = 2 + 8/a³ ; নির্ণয়ের জন্য ০২ নম্বর।
বর্গাকার তলার বাহুর দৈর্ঘ্য = 1.2599 dm ; নির্ণয়ের জন্য ০৪ নম্বর।
পাত্রটির উচ্চতা = 0.6299dm ; নির্ণয়ের জন্য ০৪ নম্বর।",Math
11,1014.jpg,0.0,1013.0,"ABCD = 4√3
Δ BCD = \frac{1}{2}absinC = \frac{1}{2} × 2 × 5 × sin60 = \frac{5\sqrt{3}}{2}
∴ ΔABD = 4√3 − \frac{5\sqrt{3}}{2} = \frac{3\sqrt{3}}{2}
এখন, \frac{1}{2}cd sinA = \frac{3\sqrt{3}}{2}
⇒ cd = \frac{3\sqrt{3}}{sin120} [A + C = 180° ⇒ A = 180 − 60 = 120°]
⇒ cd = 6
এখন, x² = a² + b² − 2abcosC = 2² + 5² − 2 × 2 × 5 cos60
⇒ x² = 19 ⇒ x = √19
আবার, x² = c² + d² − 2cd cosA
⇒ 19 = c² + d² − 2 × 6 × (−\frac{1}{2})
⇒ c² + d² = 13 ⋯⋯⋯ (i)
c² − d² = √(c² + d²)² − 4c²d² = √13² − 4.6²
= 5 ⋯⋯⋯ (ii)
(i) − (ii)
c² + d² = 13
c² − d² = 5",Math
12,1015.jpg,7.0,,"cos x − cos y = a ⇒ cos y − cos x = −a
⇒ 2sin(\frac{x+y}{2})sin(\frac{x−y}{2}) = −a......(i)
sin x − sin y = b ⇒ 2cos(\frac{x+y}{2})sin(\frac{x−y}{2}) = b......(ii)
(i) ÷ (ii) ⇒ tan(\frac{x+y}{2}) = \frac{−a}{b}
∴ sin(x + y) = \frac{2tan(\frac{x+y}{2})}{1+tan²(\frac{x+y}{2})} = \frac{\frac{−2a}{b}}{1+(\frac{−a}{b})²} = \frac{\frac{−2a}{b}}{1+\frac{a²}{b²}} = \frac{−2ab}{a²+b²}(Ans.)

নম্বর বণ্টনঃ
2sin(\frac{x+y}{2})sin(\frac{x−y}{2}) = −a ; নির্ণয়ের জন্য ০৩ নম্বর।
2cos(\frac{x+y}{2})sin(\frac{x−y}{2}) = b; নির্ণয়ের জন্য ০৩ নম্বর।
sin(x + y) = \frac{−2ab}{a²+b²}; নির্ণয়ের জন্য ০৪ নম্বর।n fore",Math
17,1022.jpg,10.0,,"Crms = √(3RT/M) = √(3 * 8.314 * 273 / (28 * 10^-3)) = 493.14 ms^-1

λ = 1 / √(2πnσ^2) = 1 / √(2π * (PNA/RT) * NA * σ^2) = 5.23 * 10^-8 m

t = λ / Crms = (5.23 * 10^-8) / 493.14 = 1.06 * 10^-10 s (Ans.)

নম্বর বণ্টনঃ

Crms = 493.14 ms^-1; নির্ণয়ের জন্য ০৩ নম্বর।
λ = 5.23 × 10^-8 m; নির্ণয়ের জন্য ০৩ নম্বর।
t = 1.06 × 10^-10 s; নির্ণয়ের জন্য ০৪ নম্বর।

[বিঃদ্র: একক না লিখলে বা ভুল একক লিখলে ০১ নম্বর কর্তন করা হবে। সূত্র না লিখে সরাসরি মান বসালেও গ্রহণযোগ্য হবে।]",Physics
18,1024.jpg,10.0,1023.0,"ধরি, বৃষ্টির উলম্ব উপাংশ Vy, আনুভূমিক উপাংশ Vx = 5 ms⁻¹ বেগ দ্বিগুণ করলে বৃষ্টির আপেক্ষিক বেগ, প্রশ্নমতে, tan 30° = /frac{5}{Vy} :: Vy = 5√3 বৃষ্টির বেগের মান = √5² + (5√3)² = 10 ms⁻¹ .. উলম্বের সাথে কোণ, θ = tan⁻¹(/frac{5}{5√3}) = 30° [Ans.] বিকল্প: AO = DE = 5 BO = CE = 10 ; OA = AB = 5 .. CD = 5 [∵ CD = DE] বৃষ্টির উলম্ব উপাংশ, → Vy = OD = /frac{5}{tan 30} = 5√3 .. Vr = OE = √OD² + DE² = 10 ms⁻¹ আবার, CD = DE তাই, θ = 30° বৃষ্টির উল্লম্বের সাথে 30° কোণে 10 ms⁻¹ বেগে পড়ছে। নম্বর বণ্টনঃ Vy = 5√3 ; নির্ণয় করার জন্য ০২ নম্বর। ← Vr = 10 ms⁻¹; নির্ণয় করার জন্য ০৪ নম্বর। θ = 30°; নির্ণয় করার জন্য ০৪ নম্বর। [বিদ্র: একক না লিখলে বা ভুল একক লিখলে ০১ নম্বর কর্তন করা হবে।]",Physics
19,1026.jpg,10.0,1025.0,"m₁u₁ + m₂u₂ = (m₁ + m₂)V₁ ⇒ 5 × 15 + 0 = 8 × V₁ ⇒ V₁ = 9.375ms⁻¹
∴ 1/2kA² = 1/2(m₁ + m₂)V₁² ⇒ 1/2 × 3000 × A² = 1/2 × 8 × 9.375²
⇒ A² = 0.2344 ⇒ A = 0.484m (Ans.)
নম্বর বণ্টনঃ
m₁u₁ + m₂u₂ = (m₁ + m₂)V₁ সূত্রের জন্য ০২ নম্বর।
মান বসানোর জন্য ০২ নম্বর।
V₁ = 9.375ms⁻¹ নির্ণয় করার জন্য ০৩ নম্বর।
A = 0.484m নির্ণয় করার জন্য ০৩ নম্বর।
[বিদ্র: একক না লিখলে বা ভুল একক লিখলে ০১ নম্বর কর্তন করা হবে। সূত্র না লিখে সরাসরি মান বসালেও গ্রহণযোগ্য হবে।]",Physics
22,1032.jpg,4.0,1031.0,"তীর বরাবর স্পীডবোট ও চোরের দূরত্ব সমান।
40t = 20t + \frac{acos 30°t^2}{2}  .. acos 30°t = 40... (i) 100 = \frac{asin 30°t^2}{2} ... (ii) (ii) ÷ (i) ⇒ tan 30°t = \frac{200}{40} .. t = 5\sqrt{3}s
[Ans.]
নম্বর বণ্টনঃ
acos 30°t = 40 ; নির্ণয় করার জন্য ০৪ নম্বর। 100 = \frac{asin 30°t^2}{2} ; নির্ণয় করার জন্য ০৪ নম্বর।
t = 5\sqrt{3}s ; নির্ণয় করার জন্য ০২ নম্বর।
বিদ্র: একক না লিখলে বা ভুল একক লিখলে ০১ নম্বর কর্তন করা হবে।",Physics
23,1033.jpg,0.0,,"ধরি, সর্বোচ্চ ও সর্বনিম্ন দূরত্বে বেগ যথাক্রমে V1 ও V2
এখন, V1 × 4R = V2 × 2R [কৌণিক ভরবেগের সংরক্ষণ]
⇒ V1 × 2 = V2
শক্তির সংরক্ষণ সূত্র অনুযায়ী,
/frac{GMm}{4R} + /frac{1}{2}mv_1^2 = /frac{GMm}{2R} + /frac{1}{2}mv_2^2
⇒ /frac{GMm}{4R} + /frac{1}{2}m × v_1^2 = /frac{GMm}{2R} + /frac{1}{2}m × 4v_1^2
∴ V1 = √/frac{GM}{6R} = 3229 ms⁻¹
অনুরূপভাবে, V2 = √/frac{2GM}{3R} = 6458 ms⁻¹ [Ans.]
নম্বর বণ্টনঃ
V1 × 4R = V2 × 2R ; লেখার জন্য ০২ নম্বর।
/frac{GMm}{4R} + /frac{1}{2}mv_1^2 = /frac{GMm}{2R} + /frac{1}{2}mv_2^2 ; লেখার জন্য ০৩ নম্বর।
V1 = 3229 ms⁻¹ ; নির্ণয় করার জন্য ০৩ নম্বর।
V2 = 6458 ms⁻¹ ; নির্ণয় করার জন্য ০২ নম্বর।
বিদ্র: একক না লিখলে বা ভুল একক লিখলে ০১ নম্বর কর্তন করা হবে।",Physics
35,1046.jpg,10.0,,"y² = 4.2x পরাবৃত্তের এবং x² + y² = 32 বৃত্তের সাধারণ স্পর্শক y = mx + c হলে y² = 4.2x এর ক্ষেত্রে
c = \frac{a}{m} = \frac{2}{m}
এবং x² + y² = 32 এর ক্ষেত্রে
c = ± 3√m² + 1 = \frac{2}{m} = ± 3√m² + 1
⇒ \frac{4}{m²} = 9 (m² + 1) = 9m² + 9
⇒ 4 = 9m⁴ + 9m² ⇒ 9m⁴ + 9m² - 4 = 0
⇒ m² = \frac{1}{3} [∵ m² ≠ -\frac{4}{3}]
∴ m = ± \frac{1}{√3}
তাহলে, c = \frac{2}{± \frac{1}{√3}} = ± 2√3
∴ সাধারণ স্পর্শক y = -\frac{1}{√3}x + 2√3 এবং y = -\frac{1}{√3}x - 2√3
নম্বর বণ্টন:
c = \frac{2}{m} & c = ± 3√m² + 1 ; নির্ণয়ের জন্য ০৪ নম্বর।
m = ± \frac{1}{√3} ; নির্ণয়ের জন্য ০১ নম্বর।
c = ± 2√3 ; নির্ণয়ের জন্য ০১ নম্বর।
সাধারণ স্পর্শক y = -\frac{1}{√3}x + 2√3 এবং y = -\frac{1}{√3}x - 2√3 ; নির্ণয়ের জন্য ০৪ নম্বর।",Math
38,1051.jpg,10.0,1050.0,"θ₁ = 90 - A; θ₂ = 90 - B
এখন,
/frac{T_{CA}}{sin(π-θ₂)}/ = /frac{T_{CB}}{sin(π-θ₁)}/ = /frac{W}{sin(θ₁+θ₂)}/ ⇒ /frac{T_{CA}}{sin θ₂}/ = /frac{T_{CB}}{sin θ₁}/ = /frac{W}{sin C}/
⇒ /frac{T_{CA}}{sin(90-B)}/ = /frac{T_{CB}}{sin(90-A)}/ = /frac{W}{sin C}/
⇒ T_{CA} = Wcos B  এখন, cos B = /frac{c²+a²-b²}{2ca}/ ও Δ = /frac{1}{2}absin c/
⇒ sin c = /frac{2Δ}{ab}/ :: T_{CA} = /frac{W × c²+a²-b²}{2ca}/ :: T_{CA} = /frac{Wb(c²+a²-b²)}{4cΔ}/ (Proved)

নম্বর বণ্টনঃ
/frac{T_{CA}}{sin(90-B)}/ = /frac{T_{CB}}{sin(90-A)}/ = /frac{W}{sin C}/ ; নির্ণয় করার জন্য ০৪ নম্বর।
T_{CA} = /frac{W × c²+a²-b²}{2ca}/ ; নির্ণয় করার জন্য ০৪ নম্বর।
T_{CA} = /frac{Wb(c²+a²-b²)}{4cΔ}/ ; প্রমাণ করার জন্য ০২ নম্বর।",Math
40,1053.jpg,10.0,,"COS X
+
√3 sin x
=
√2
√12+(√3)2 √12+(√3)2
√12+(√3)2

⇒
COS X
√3 sin x
+
=
1
2
2
√2

⇒ cos x. 1/2 + sin x. √3/2 = 1/√2

⇒ cos xcos π/3 + sin xsin π/3 = cos π/4

⇒ cos (x - π/3) = cos π/4 ⇒ x - π/3 = 2nπ ± π/4

:: x = 2nπ ± π/4 + π/3 :: x = 2nπ + 7π/12, 2nπ + π/12 [n ∈ Z]

নম্বর বণ্টনঃ

cos (x - π/3) = cos π/4 ; নির্ণয় করার জন্য ০৪ নম্বর।

x = 2nπ + 7π/12 ; নির্ণয় করার জন্য ০৩ নম্বর।

x = 2nπ + π/12 ; নির্ণয় করার জন্য ০৩ নম্বর।",Math
49,1067.jpg,10.0,,"মূলগুলো a - d, a, a + d
∴ a - d + a + a + d = -3a ⇒ 3a = -3a ⇒ a = -a
a = -a = x সমীকরণে বসিয়ে পাই -
(-a)³ + 3a(-a)² + (-a) + 1 = 0 ⇒ -a³ + 3a³ - a + 1 = 0
⇒ 2a³ - a + 1 = 0 ⇒ a = -1 ও বাকি দুটি মান অবাস্তব।
∴ a = -(-1) = 1
এখন, a.(a - d).(a + d) = -1/1 ⇒ 1(1 - d).(1 + d) = -1
⇒ 1 - d² = -1 ⇒ d² = 2 ⇒ d = √2
∴ মূলগুলো 1 - √2, 1, 1 + √2
নম্বর বণ্টনঃ
a = 1 ; নির্ণয় করার জন্য ০৪ নম্বর।
d = √2 ; নির্ণয় করার জন্য ০৩ নম্বর।
মূলগুলো 1 - √2, 1, 1 + √2 ; নির্ণয় করার জন্য ০৩ নম্বর।",Math
57,1078.jpg,10.0,1077.0,"56
Fe এর ভর ত্রুটি, ∆ m = 26 mp + 30 mn − 55.934939 = 0.52846 amu
26
বন্ধন শক্তি, E1 = 0.52846 × 931 = 492 MeV
B. E per nucleon = /fraction{492}{56} = 8.786 MeV/nucleon
209
Bi এর ভর ত্রুটি △ m = 83 mp+ (209 - 83)mn − 208.980388 = 1.7596 amu
83
বন্ধন শক্তি E2 = 1638.2 MeV
B.E per nucleon = /fraction{1638.2}{209} = 7.838 MeV/ nucleon
56
নিউক্লিওন প্রতি বন্ধন শক্তি Fe এর বেশি হওয়ায় এটি অধিক স্থিতিশীল হবে।
26
নম্বর বণ্টনঃ
E₁ = 492 MeV; নির্ণয় করার জন্য ০২ নম্বর।
B. E per nucleon = 8.786 MeV/ nucleon; নির্ণয় করার জন্য ০২ নম্বর।
E2 = 1638.2 MeV; নির্ণয় করার জন্য ০২ নম্বর।
B.E per nucleon = 7.838 MeV/ nucleon; নির্ণয় করার জন্য ০২ নম্বর।
56
নিউক্লিওন প্রতি বন্ধন শক্তি Fe এর বেশি হওয়ায় এটি অধিক স্থিতিশীল হবে; লেখার জন্য ০২ নম্বর।
26
[বিদ্র: একক না লিখলে বা ভুল একক লিখলে ০১ নম্বর কর্তন করা হবে।]",Physics
61,1083.jpg,0.0,1082.0,"I →  /frac{1}{2} →  /frac{1}{4} → ... : A||B
A B

এখন,

I /frac{1}{8} = /frac{1}{2}cos^2 θ  ( /frac{1}{2}+cos^2 θ) cos^2 θ
A C B


.. ম্যালাসের সূত্র প্রয়োগ করে পাই,

I  = /frac{1}{8}  = cos^2 θ × cos^2 θ ⇒ cos^2 θ =  /frac{1}{2}

.. θ = 45°

নম্বর বণ্টনঃ

I /frac{1}{8} =  cos^2 θ × cos^2 θ ; সূত্রের জন্য ০২ নম্বর।

মান বসানোর জন্য ০১ নম্বর।

θ = 45° নির্ণয়ের জন্য ০৭ নম্বর।

[বিঃদ্র: একক না লিখলে বা ভুল একক লিখলে ০১ নম্বর কর্তন করা হবে। সূত্র না লিখে সরাসরি মান বসালেও গ্রহণযোগ্য হবে।]",Physics
63,1086.jpg,10.0,,"AS = −mlk/T₁₀₀ + mswln(T₀/T₁₀₀) + mlf/T₀ + msiceln(T−₁₀/T₀)
= 0.02 × 2268000/(100+273) + 0.02 × 4200 × ln(273/(100+273)) − 0.02 × 336000/273 + 0.02 × 2100 × ln(263/273) = −174.01 JK⁻¹ (Ans.)

নম্বর বণ্টনঃ

AS = −mlk/T₁₀₀ + mswln(T₀/T₁₀₀) + mlf/T₀ + msiceln(T−₁₀/T₀) ; নির্ণয়ের জন্য ০৩ নম্বর।

মান বসানোর জন্য ০২ নম্বর।

AS = −174.01 JK⁻¹ ; নির্ণয়ের জন্য ০৫ নম্বর।

[বিঃদ্র: একক না লিখলে বা ভুল একক লিখলে ০১ নম্বর কর্তন করা হবে। সূত্র না লিখে সরাসরি মান বসালেও গ্রহণযোগ্য হবে।]",Physics
256,1335.jpg,10.0,,"α + β = -¹⁄ₐ ; αβ = ¹⁄ₐ ; γ + δ = -ᶜ⁄ᵦ ; γδ = ᵃ⁄ᵦ

এখন, ᵃ⁄ᵦ = ⁽α⁺β⁾⁄⁽γ⁺δ⁾ ⇒ ᵃ⁄ᵦ = ⁽α⁻β⁾⁄⁽γ⁻δ⁾ ⇒ ⁽⁽α⁺β⁾²⁾⁄⁽⁽α⁺β⁾²-⁴αβ⁾ = ⁽⁽γ⁺δ⁾²⁾⁄⁽⁽γ⁺δ⁾²-⁴γδ⁾ ⇒ ᵇ²/ᵃ² = ᶜ²/ᵦ² ⇒ ᵇ²/⁽ᵇ²-⁴ca⁾ = ᶜ²/⁽ᶜ²-⁴ab⁾

⇒ b²c² - 4ab³ = b²c² - 4c³a ⇒ b³ = c³ ⇒ b = c; ইহাই নির্ণেয় শর্ত।

নম্বর বণ্টনঃ
⁽⁽α⁺β⁾²⁾⁄⁽⁽α⁺β⁾²-⁴αβ⁾ = ⁽⁽γ⁺δ⁾²⁾⁄⁽⁽γ⁺δ⁾²-⁴γδ⁾ ; নির্ণয়ের জন্য ০৩ নম্বর।
ᵇ²/ᵃ² = ᶜ²/ᵦ² ; নির্ণয়ের জন্য ০৩ নম্বর।
ᵇ²/⁽ᵇ²-⁴ca⁾ = ᶜ²/⁽ᶜ²-⁴ab⁾
b = c; নির্ণয়ের জন্য ০৪ নম্বর।",Math
273,1355.jpg,6.0,,"মিশ্রণে, [H+] = ∑(eAcid× Sacid× VAcid)-∑(eBase× Sbase× VBase)
∑ Vacid+∑ VBase

= eH₂SO₄×SH₂SO₄×VH₂SO₄ + eHCl×SHCl×VHCl - eNa₂CO₃×VNa₂CO₃×SNa₂CO₃ - eNaOH×SNaOH×VNaOH
VH₂SO₄ + VHCl + VNa₂CO₃ + VNaOH

= NH₂SO₄×VH₂SO₄ + NHCl×VHCl - eNa₂CO₃×VNa₂CO₃×SNa₂CO₃ - NNaOH×VNaOH
VH₂SO₄ + VHCl + VNa₂CO₃ + VNaOH

= 0.1×100+50×0.2-2×0.05×100-0.1×50 = 1 M
100+100+50+50       60

.. শক্তিমাত্রা, pH = -log [H+] = -log (1/60) = 1.778 (Ans.)

নম্বর বণ্টন:
[H+] = ∑(eAcid× Sacid× VAcid)-∑(eBase× SBase× VBase) ; সূত্রের জন্য ০২ নম্বর।
[H+] = 1/60 M; নির্ণয়ের জন্য ০৪ নম্বর।
pH = 1.778; নির্ণয়ের জন্য ০৪ নম্বর।
[বিঃদ্র: একক না লিখলে বা ভুল একক লিখলে ০১ নম্বর কর্তন করা হবে। সূত্র না লিখে সরাসরি মান বসালেও গ্রহণযোগ্য হবে।]",Chemistry
299,1409.jpg,8.0,,"cos θ = (a cos α - b) / (a - b cos α)

=> (1 - tan²(θ/2)) / (1 + tan²(θ/2)) = (a - b) / (a + b)

=> (1 - tan²(θ/2)) / (1 + tan²(θ/2)) = (a - b x (1 - tan²(α/2)) / (a + b x (1 - tan²(α/2))

=> (1 - tan²(θ/2)) / (1 + tan²(θ/2)) = ((a - b) - (a + b)tan²(α/2)) / ((a - b) + (a + b)tan²(α/2))

=> 2 tan²(θ/2) = 2(a - b) / (a + b)tan²(α/2)

=> tan²(θ/2) = (a - b) / (a + b)

=> tan(θ/2) = √((a + b) / (a - b))

নম্বর বণ্টনঃ

(1 - tan²(θ/2)) / (1 + tan²(θ/2)) = (a - b) / (a + b); নির্ণয় করার জন্য ০২ নম্বর।

(1 - tan²(θ/2)) / (1 + tan²(θ/2)) = ((a - b) - (a + b)tan²(α/2)) / ((a - b) + (a + b)tan²(α/2)); নির্ণয় করার জন্য ০৩ নম্বর।

tan(θ/2) = √((a + b) / (a - b)); নির্ণয় করার জন্য ০৫ নম্বর।",Math
317,1438.jpg,0.0,1437.0,"একক দৈর্ঘ্যের ভর, m = \frac{0.012}{0.28} = \frac{3}{70} kgm^{-1}
বিভবশক্তির পরিবর্তন = \frac{mgL + 0}{2} \times \frac{L}{4}
ঘর্ষণ বল এর বিরুদ্ধে কৃতকাজ = μ (\frac{3mL}{4} \times g \times \frac{L}{4} + \frac{mgL}{4} \times \frac{L}{4 \times 2}) [\frac{L}{4 \times 2} অংশের জন্য টেবিলের উপর গড় সরণ]
মোট কাজ = \frac{mgL^2}{32} + μmgL^2 \times \frac{7}{32}
\Rightarrow \frac{3 \times 9.8 \times 0.28^2}{70} \times \frac{7}{32} + μ \times \frac{3}{70} \times 9.8 \times 0.28^2 \times \frac{7}{32} = 2.5 \times 10^{-3} .. μ = 0.204 [Ans.]
নম্বর বণ্টনঃ
বিভবশক্তির পরিবর্তন = \frac{mgL + 0}{2} \times \frac{L}{4} ; নির্ণয় করার জন্য ০৩ নম্বর।
ঘর্ষণ বল এর বিরুদ্ধে কৃতকাজ = μ (\frac{3mL}{4} \times g \times \frac{L}{4} + \frac{mgL}{4} \times \frac{L}{4 \times 2}) ; নির্ণয় করার জন্য ০৩ নম্বর।
µ = 0.204 ; নির্ণয় করার জন্য ০৪ নম্বর।
[বিদ্র: একক না লিখলে বা ভুল একক লিখলে ০১ নম্বর কর্তন করা হবে।]",Physics
324,1447.jpg,0.0,,"initially:
at equilibrium:
এখানে, a = 0.68 mol

N2O4  ⇌  2NO2
3       0
3 - α   2α

(/frac{(2α)²}{(3 - α)}) = 0.15945 molL⁻¹

Kp = Kc(RT)^Δn = 0.15945 × {0.0821 (275 + 273)}²⁻¹
= 7.17378

ln Kp = (/frac{-ΔH}{R}) × (/frac{1}{T}) + ধ্রুবক

⇒ ln (7.17378) = (/frac{-57 × 10³}{8.314}) × (/frac{1}{275 + 273}) + ধ্রুবক

ধ্রুবক = 14.4812

লেখচিত্রটি Y-অক্ষকে (0, 14.4812) বিন্দুতে ছেদ করবে।

নম্বর বণ্টনঃ
Kc = 0.15945 molL⁻¹; নির্ণয়ের জন্য ০৩ নম্বর।
Kp = Kc(RT)^Δn; সূত্রের জন্য ০১ নম্বর।
Kp = 7.17378 atm; নির্ণয়ের জন্য ০২ নম্বর।
ln Kp = (/frac{ΔH}{R}) × (/frac{1}{T}) + ধ্রুবক; সূত্রের জন্য ০১ নম্বর।
y-অক্ষের ছেদবিন্দু = (0, 14.4812); নির্ণয়ের জন্য ০৩ নম্বর।

[বিঃদ্র: একক না লিখলে বা ভুল একক লিখলে ০১ নম্বর কর্তন করা হবে।
সূত্র না লিখে সরাসরি মান বসালেও গ্রহণযোগ্য হবে।]",Chemistry
325,1448.jpg,10.0,,"মিশ্রণের আয়তন = (a + b)ml
বাফার দ্রবণে HCOOH এর ঘনমাত্রা, [HCOOH] = /frac{0.15 \times a}{a+b} M
HCOONa এর ঘনমাত্রা, [HCOONa] = /frac{0.25 \times b}{a+b} M
তাহলে, pH = pKa + log /frac{অনুবন্ধী ক্ষার}{[দুর্বল অম্ল]}
⇒ log /frac{0.25 \times b}{0.15 \times a} = pH - pKa = 5.85 + log(1.8 \times 10^{-4})
⇒ log /frac{0.25 \times b}{0.15 \times a} = 2.10527
⇒ /frac{0.25b}{0.15a} = 10^{2.10527}
:. /frac{b}{a} = 76.4577
:. b : a = 76.4577
নম্বর বণ্টনঃ
pH = pKa + log /frac{অনুবন্ধী ক্ষার}{[দুর্বল অম্ল]}; সূত্রের জন্য ০৩ নম্বর।
b : a = 76.4577; নির্ণয় করার জন্য ০৭ নম্বর।
[বি.দ্রঃ একক না লিখলে বা ভুল একক লিখলে ০১ নম্বর কর্তন করা হবে। সূত্র না লিখে সরাসরি সূত্রে সঠিক মান বসিয়ে সমাধান করলেও নম্বর প্রদান করতে হবে।]",Chemistry
326,1449.jpg,10.0,,"(a) Sc(21) = 1s<sup>2</sup> 2s<sup>2</sup> 2p<sup>6</sup> 3s<sup>2</sup> 3p<sup>6</sup> 3d<sup>1</sup> 4s<sup>2</sup>;
Sc<sup>3+</sup> = 1s<sup>2</sup> 2s<sup>2</sup> 2p<sup>6</sup> 3s<sup>2</sup> 3p<sup>6</sup> 3d<sup>0</sup>
Sc<sup>3+</sup> সুস্থিত আয়নের 3d orbitale শূন্য। যা অবস্থান্তর মৌলের সংজ্ঞার বিপরীত। তাই Sc মৌলটি d-block হলেও অবস্থান্তর নয়।
(b) অবস্থান্তর মৌলের (n - 1)d ও ns অরবিটালের মধ্যে শক্তির পার্থক্য খুব সামান্য বলে উভয় অরবিটালের e বন্ধন সৃষ্টিতে অংশগ্রহণ করতে পারে। তাই
এরা পরিবর্তনশীল জারণ অবস্থা প্রদর্শন করে।
(c) ইথানয়িক এসিডের 6 - 10% জলীয় দ্রবণই ভিনেগার। ভিনেগার বা CH<sub>3</sub>COOH এর দ্রবণে H<sup>+</sup> আয়ন উপস্থিত, যা খাদ্যের ব্যাকটেরিয়াকে বিনষ্ট
করে। ফলে খাদ্যদ্রব্য সংরক্ষিত থাকে।
CH<sub>3</sub>COOH = CH<sub>3</sub>COO<sup>-</sup> + H<sup>+</sup>
জীবন্ত ব্যাকটেরিয়া + H<sup>+</sup> → মৃত/নিষ্ক্রিয় ব্যাকটেরিয়া
নম্বর বণ্টন:
৩টি প্রশ্নের উত্তর সঠিকভাবে লেখার জন্য (০৩+০৩+০৪) = ১০ নম্বর।",Chemistry
328,1453.jpg,8.0,1452.0,"(i) Al(NO3)3 + H2O
(ii) Mg3N2
(iii) KNO2 + O2
(iv) PH3 + NaH2PO2
(v) H3PO4
নম্বর বণ্টন:
৫টি বিক্রিয়া সম্পূর্ণ করার জন্য (০২ × ০৫) = ১০ নম্বর।",Chemistry
330,1456.jpg,10.0,1455.0,"(a) ভিনেগার অর্থাৎ ইথানয়িক এসিড (CH3COOH) হাইড্রোজেন বন্ধনের মাধ্যমে ডাইমার গঠন করতে পারে।
OH-O
CH3-C-O-HOC-CH3
ইথানয়িক এসিডের ডাইমার গঠন
অ্যালুমিনিয়াম ক্লোরাইড (AlCl3) যৌগে Al এর অষ্টক সংকোচন ঘটে। তাই অষ্টক পূরণের উদ্দেশ্যে পার্শ্ববর্তী একটি AlCl3 অণুর C1 পরামাণু থেকে
সর্বনিম্ন বন্ধনের মাধ্যমে একটি মুক্তজোড় গ্রহণ করে। এভাবে AlCl3 সন্নিবেশ বন্ধনের মাধ্যমে ডাইমার Al₂C16 গঠন করে।
Cl
CI
-CI
Cl
CIE
AlCl3 এর ডাইমার Al2C16 গঠন
(b) B (5) → 1s22s22px
উদ্দীপিত অবস্থায়, B* (5) → 1s22s¹2p2p2p2
সুতরাং B এর সংকরণ হলো sp², B* (5) → 1s²222
sp² সংকরিত B পরমাণুর তিনটি সংকর অরবিটালের সাথে তিনটি ফ্লোরিন পরমাণু সমযোজী বন্ধনে আবদ্ধ হয়ে BF3 অণু গঠিত হয়।
লুইস প্রতীকের মাধ্যমে বন্ধন গঠনটি হলো নিম্নরূপ:
F
B. +3: F-B-F
BF3 অণু ও ফ্লোরাইড আয়ন (F¯) এর মধ্যে সন্নিবেশ বন্ধন দ্বারা BF4 অ্যানায়ন গঠিত হয়ে থাকে। তখন B পরমাণুর খালি 2p2 অরবিটালে একটি
ইলেকট্রন যুক্ত হয়ে পড়ে। এ অবস্থায় B¯ আয়নের ইলেকট্রন বিন্যাস হয়, B¯ (5) → 1s22s2p2p2p
তখন B- আয়নে নতুনভাবে sp³ অরবিটাল সংকরণ ঘটে থাকে।
sp³ সংকরণের পর B¯ (5) → 1s²22222 হয়। তখন চারটি সংকর অরবিটালে চতুর্থ F পরমাণু সিগমা বন্ধনে আবদ্ধ হয়ে পড়ে।
সুতরাং উদ্দীপকের বিক্রিয়ার মাধ্যমে B এর sp² সংকরণ অবস্থার পরিবর্তন ঘটে sp³ সংকর অবস্থায় BF4 অ্যানায়ন গঠিত হয়।
নম্বর বণ্টন:",Chemistry
334,1461.jpg,10.0,,"CaC₂O₄ ⇌ Ca²⁺ + C₂O₄²⁻
S
S
S
দ্রাব্যতা গুণফল = S²
S² = 2.34 × 10⁻⁹
∴ S = 4.83 × 10⁻⁵ molL⁻¹
CaC₂O₄ এর দ্রাব্যতা = 4.83 × 10⁻⁵ × 128 gL⁻¹
= 618.24 × 10⁻⁵ gL⁻¹
1000 mL সম্পৃক্ত দ্রবণে দ্রবীভূত আছে 618.24 × 10⁻⁵ g CaC₂O₄
∴ 100 mL সম্পৃক্ত দ্রবণে দ্রবীভূত আছে \frac{618.24 × 10⁻⁵ × 100}{1000} g
= 6.1824 × 10⁻⁴ g CaC₂O₄
নম্বর বণ্টন:
S = 4.83 × 10⁻⁵ molL⁻¹; নির্ণয়ের জন্য ০২ নম্বর।
CaC₂O₄ এর দ্রাব্যতা= 618.24 × 10⁻⁵ gL⁻¹; নির্ণয়ের জন্য ০৪ নম্বর।
100 mL সম্পৃক্ত দ্রবণে দ্রবীভূত আছে= 6.1824 × 10⁻⁴ g CaC₂O₄; নির্ণয়ের জন্য ০৪ নম্বর।
বিদ্র: একক না লিখলে বা ভুল একক লিখলে ০১ নম্বর কর্তন করা হবে।",Chemistry
355,1491.jpg,8.0,,"ধরি, মিশ্রণের শেষ তাপমাত্রা θ
m₁lf + m₁s (θ - θ₁) = m₂s (θ₂ - θ)
⇒ 0.015 × 336000 + 0.015 × 4200 × θ = 0.06 × 4200 (60 - θ) ⇒ θ = 32°C = 305 K
ΔS = \frac{m₁lf}{273} + m₁s ln\frac{305}{273} + m₂s ln\frac{305}{60+273} = 3.311 JK⁻¹ (Ans.)
[ s = 4200 JKg⁻¹K⁻¹]
[ m₁ = 0.015 g ]
[ m₂ = 0.06 g ]

নম্বর বণ্টনঃ
m₁lf + m₁s (θ - θ₁) = m₂s (θ₂ - θ) ; সূত্রের জন্য ০১ নম্বর।
মান বসানোর জন্য ০১ নম্বর।
θ = 32°C = 305 K ; নির্ণয়ের জন্য ০৩ নম্বর।
ΔS = \frac{m₁lf}{273} + m₁s ln\frac{305}{273} + m₂s ln\frac{305}{60+273} ; সূত্রের জন্য ০১ নম্বর।
মান বসানোর জন্য ০১ নম্বর।
ΔS = 3.311 JK⁻¹ নির্ণয়ের জন্য ০৩ নম্বর।
[বিঃদ্র: একক না লিখলে বা ভুল একক লিখলে ০১ নম্বর কর্তন করা হবে। সূত্র না লিখে সরাসরি মান বসালেও গ্রহণযোগ্য হবে।]",Physics
367,1506.jpg,10.0,1505.0,"I →  1/2 →  1/8 ; A||B
A     B
এখন,
I = 1/8 (1-cos2θ)cos²θ
.. ম্যালাসের সূত্র প্রয়োগ করে পাই,
I = 1/8 (1 - cos2θ) × cos²θ ⇒ cos²θ = 1/2
.. θ = 45°
নম্বর বণ্টনঃ
I = 1/8 (1 - cos2θ) × cos²θ ; সূত্রের জন্য ০২ নম্বর।
মান বসানোর জন্য ০১ নম্বর।
θ = 45° নির্ণয়ের জন্য ০৭ নম্বর।
[বিঃদ্র: একক না লিখলে বা ভুল একক লিখলে ০১ নম্বর কর্তন করা হবে। সূত্র না লিখে সরাসরি মান বসালেও গ্রহণযোগ্য হবে।]",Physics
374,1516.jpg,10.0,,"(a) S = \frac{1000 W}{MV} = \frac{1000 \times 27}{98 \times \frac{100}{1.8}} = 4.959 M

(b) জারণ অর্ধবিক্রিয়া:
2I⁻ → I₂ + 2e⁻......(i)
বিজারণ অর্ধবিক্রিয়া:
2IO₃⁻ + 12H⁺ + 10e⁻ → I₂ + 6H₂O......(ii)
(i) × 5 + (ii) হতে,
10I⁻ + 2IO₃⁻ + 12H⁺ → 5I₂ + I₂ + 6H₂O
⇒ 2IO₃⁻ + 10I⁻ + 12H⁺ → 6I₂ + 6H₂O
:: IO₃⁻ + 5I⁻ + 6H⁺ → 3I₂ + 3H₂O

নম্বর বণ্টনঃ
(a) S = \frac{1000 W}{MV} ; লেখার জন্য ০১ নম্বর।
S = 4.959 M ; নির্ণয়ের জন্য ০৩ নম্বর।
(b) 2I⁻ → I₂ + 2e⁻ ; নির্ণয়ের জন্য ০২ নম্বর।
2IO₃⁻ + 12H⁺ + 10e⁻ → I₂ + 6H₂O ; নির্ণয়ের জন্য ০২ নম্বর।
IO₃⁻ + 5I⁻ + 6H⁺ → 3I₂ + 3H₂O ; নির্ণয়ের জন্য ০২ নম্বর।
[বি.দ্র. সূত্র না লিখে সরাসরি মান বসালে ও গ্রহণযোগ্য হবে। একক না লিখলে বা ভুল একক লিখলে ০১ নম্বর কর্তন করা হবে।]",Chemistry
375,1517.jpg,10.0,,"(a); P₁V₁/T₁ = P₂V₂/T₂ [P₁ = 0.9 atm; P₂ = 1 atm; V₁ = 0.1839 dm³; T₁ = 288 K; T₂ = 273 K]
⇒ V₂ = P₁V₁T₂/(P₂T₁) = (0.9 × 0.1839 × 273)/(1 × 288) = 0.1569 dm³
(b);  Zn + H₂SO₄ → ZnSO₄ + H₂
(STP তে) = 0.1569 L = 7 × 10⁻³ mol
1 mol      1 mol
7 × 10⁻³ mol H₂ = 0.458 g Zn
% Zn = (0.458/2.5) × 100% = 18.32%
% Cu = (100 - 18.32)% = 81.68%
নম্বর বণ্টন:
(a)
P₁V₁/T₁ = P₂V₂/T₂; সূত্র লেখার জন্য ০১ নম্বর।
0.9 × 0.1839 × 273/(1 × 288); নির্ণয়ের জন্য ০২ নম্বর।
0.1569 dm³; নির্ণয়ের জন্য ০২ নম্বর।
(b)
1 mol H₂ = 1 mol Zn = 65.4 g Zn; নির্ণয়ের জন্য ০২ নম্বর।
Zn = 18.32%; নির্ণয়ের জন্য ০২ নম্বর।
Cu = 81.68%; নির্ণয়ের জন্য ০১ নম্বর।",Chemistry
379,1522.jpg,10.0,1521.0,"অ্যানোড: 3Sn<sup>2+</sup> → 3Sn<sup>4+</sup> + 6e<sup>−</sup>
ক্যাথোড: 2Fe<sup>3+</sup> + 6e<sup>−</sup> → 2Fe
.. E<sub>cell</sub> = E<sup>ο</sup><sub>cell</sub> − \frac{RT}{nF} ln \frac{[Sn<sup>4+</sup>]<sup>3</sup>}{[Fe<sup>3+</sup>]<sup>2</sup>[Sn<sup>2+</sup>]<sup>3</sup>}
= 0.15 + 0.036 − \frac{8.314 × (273+30)}{6 × 96500} ln \frac{(0.02)<sup>3</sup>}{(0.2)<sup>2</sup> × (0.1)<sup>3</sup>}
= −0.11 V
.:. E<sub>cell</sub> < 0
.. বিক্রিয়া স্বতঃস্ফূর্ত হবে না।
নম্বর বণ্টনঃ
E<sub>cell</sub> = E<sup>ο</sup><sub>cell</sub> − \frac{RT}{nF} ln \frac{[Sn<sup>4+</sup>]<sup>3</sup>}{[Fe<sup>3+</sup>]<sup>2</sup>[Sn<sup>2+</sup>]<sup>3</sup>} ; লেখার জন্য ০২ নম্বর।
E<sub>cell</sub> = −0.11 V ; নির্ণয়ের জন্য ০৫ নম্বর।
বিক্রিয়া স্বতঃস্ফূর্ত হবে না; নির্ণয়ের জন্য জন্য ০৩ নম্বর।
[বি.দ্র. সূত্র না লিখে সরাসরি মান বসালে ও গ্রহণযোগ্য হবে। একক না লিখলে বা ভুল একক লিখলে ০১ নম্বর কর্তন করা হবে।]",Chemistry
381,1525.jpg,10.0,,"Na2CO3 + 2HCl → 2NaCl + H2O + CO2
X
44x
106
NaHCO3 + HCl → NaCl + H2O + CO2
25-x
44(25-x)
84
44x + 44 (25 - x) = PVM
106  84  RT
100
101.325
× 6 × 44
0.0821 × 298
44x + 44 (25-x) = 10.655; x = 22.44g
106  84
.: শতকরা পরিমাণ = 22.44 x 100% = 89.76%
25
নম্বর বণ্টন:
44x  + 44(25 - x) = PVM; নির্ণয়ের জন্য ০২ নম্বর।
106  84  RT
x = 22.44g ; নির্ণয়ের জন্য ০৪ নম্বর।
Na2CO3 এর শতকরা পরিমাণ = 89.76%; নির্ণয়ের জন্য ০৪ নম্বর।",Chemistry
384,1528.jpg,2.0,,"E_cell = E° - \frac{RT}{eF} ln \frac{[H^+]^2}{[Cu^{2+}]}
0.42 = 0.34 - \frac{0.0591}{2} log \frac{[H^+]^2}{0.1}
[H^+]^2 = 10^{\frac{0.08 \times 2}{0.0591}}; [H^+]^2 = 1.96 \times 10^{-4}M; [H^+] = 0.014M
[H_2SO_4] = 7.01 \times 10^{-3}M = 7.01 \times 10^{-3} \times 98 \times 10^3
S = 686.996 ppm \approx 687 ppm
নম্বর বণ্টন:
E_{cell} = E° - \frac{RT}{eF} ln \frac{[H^+]^2}{[Cu^{2+}]}; সূত্র লেখার জন্য ০২ নম্বর।
[H^+] = 0.014M ; নির্ণয়ের জন্য ০৪ নম্বর।
S = 687 ppm; নির্ণয়ের জন্য ০৪ নম্বর।
[বিঃদ্র: একক না লিখলে অথবা ভুল একক লিখলে ০১ নম্বর কর্তন করা হবে। সূত্র না লিখে সরাসরি মান বসালেও সূত্রের জন্য বরাদ্দকৃত নম্বর পাবে।]",Chemistry
385,1529.jpg,10.0,,"যৌগটিতে – COOH মূলক আছে।
একমাত্র HCOOH টলেন বিকারককে বিজারিত করে।
HCOOH + Na2CO3 → HCOONa + CO2 + H2O
Δ
HCOOH + [Ag(NH3)2]OH → (NH4)2CO3 + Ag↓ + 2NH3 + H2O
নম্বর বণ্টন:
HCOOH যৌগটি শনাক্ত করার জন্য ০২ নম্বর।
২টি বিক্রিয়া সঠিকভাবে দেখানোর জন্য (০৪ × ০২) =০৮ নম্বর।",Chemistry
405,1554.jpg,3.0,,"S₁ = ∫₂₇₃²⁷³ ms(T)dT/T = ∫₂₇₃²⁷³ 5×(T³+4T²+4T)dT/T
= 5∫₂₇₃²⁷³ (T²+4T+4)dT = 3645416.667 JK⁻¹
S₂ = mlf/T = 5×10⁴/273 = 183.150J K⁻¹
S₃ = ∫₃₅₃²⁷³ ms(T)dT/T = ∫₃₅₃²⁷³ 5×e^(ln T⁻²) dT = ∫₃₅₃²⁷³ 5TdT = 1.252 × 10⁵ JK⁻¹
∴ S = S₁ + S₂ + S₃ = 3.77 × 10⁶ JK⁻¹

নম্বর বণ্টনঃ
S₁ = 3645416.667 JK⁻¹ নির্ণয় করার জন্য ০৩ নম্বর।
S₂ = 183.150J K⁻¹ নির্ণয় করার জন্য ০৩ নম্বর।
S₃ = 1.252 × 10⁵ JK⁻¹ নির্ণয় করার জন্য ০৩ নম্বর।
S = 3.77 × 10⁶ JK⁻¹ নির্ণয় করার জন্য ০১ নম্বর।
বিদ্র: একক না লিখলে বা ভুল একক লিখলে ০১ নম্বর কর্তন করা হবে।",Physics
646,1898.jpg,10.0,,"এখানে, A⁻¹ =  /fraction{1}{4-3}/ [ 2  -1 ] = [ 2  -1 ]
                                      [ -3   2 ]   [ -3   2 ]

C⁻¹ =  /fraction{1}{4-5}/ [ -2  -1 ] = [ 2   1 ]
                                      [ -5  -2 ]   [ 5   2 ]

A = [ 2  1 ], C = [ -2  1 ], ABC = [ -2   4 ]
    [ 3  2 ]     [  5  -2 ]     [  3  -1 ]

এখানে, ABC = ABC ⇒ A⁻¹.ABC.C⁻¹ = A⁻¹.(ABC).C⁻¹
⇒ I.B.I = A⁻¹.(ABC).C⁻¹ .. B = A⁻¹.(ABC).C⁻¹

.: B = [ 2  -1 ][ -2   4 ][ 2  1 ]
       [ -3   2 ][  3  -1 ][ 5  2 ]

= [ -7   9 ][ 2  1 ] = [ 31  11 ]
   [ 12 -14 ][ 5  2 ]   [ -46 -16 ]

নম্বর বণ্টনঃ
2 -1
A⁻¹ = [      ] নির্ণয়ের জন্য ০২ নম্বর।
   -3  2

2 1
C⁻¹ = [      ] নির্ণয়ের জন্য ০২ নম্বর।
   5 2

B = A⁻¹.(ABC).C⁻¹ নির্ণয়ের জন্য ০২ নম্বর।

31  11
B = [      ] নির্ণয়ের জন্য ০৪ নম্বর।
  -46 -16",Math
647,1900.jpg,10.0,1899.0,"S=750
f₁ = \frac{V_{max}}{t₁} = 2 :: t₁ = \frac{V_{max}}{2}
আবার, f₂ = \frac{V_{max}}{t₂} = 4 :: t₂ = \frac{V_{max}}{4}
আবার, s = \frac{1}{2} × (t₁ + t₂) × V_{max}
⇒ 750 = \frac{1}{2} × (\frac{1}{2} + \frac{1}{4}) V_{max} × V_{max}
⇒ 750 = \frac{1}{2} × \frac{3}{4} V_{max}^2 ⇒ V_{max}^2 = 2000
:: V_{max} = 20\sqrt{5} ms⁻¹ (Ans.)
নম্বর বণ্টন:
t₁ এবং t₂; নির্ণয়ের জন্য (১.৫×০২) = ০৩ নম্বর।
s = \frac{1}{2} × (t₁ + t₂) × V_{max}; নির্ণয়ের জন্য ০৩ নম্বর।
V_{max} = 20\sqrt{5} ms⁻¹; নির্ণয়ের জন্য ০৪ নম্বর।
[বিঃদ্র: একক না লিখলে বা ভুল একক লিখলে ০১ নম্বর কর্তন করা হবে।]",Math
661,1916.jpg,10.0,,"ধরি, গ্রাহকের তাপমাত্রা T₁ ও উৎসের তাপমাত্রা T₂ |
এখন, W = Q₁ × /fraction{1}{6} ⇒ /fraction{W}{Q₁} = /fraction{1}{6} = η
η = 1 - /fraction{T₁}{T₂} ⇒ /fraction{1}{6} = 1 - /fraction{T₁}{T₂}; আবার, /fraction{2}{6} = 1 - /fraction{T₁ - 62}{T₂}
⇒ /fraction{1}{3} = 1 - /fraction{T₁}{T₂} + /fraction{62}{T₂} ⇒ /fraction{1}{3} = /fraction{6}{6} + /fraction{62}{T₂}
.. T₂ = 372 K = 99°C & T₁ = 310K = 37°C
.. গ্রাহকের তাপমাত্রা 37°C I (Ans.)
নম্বর বণ্টনঃ
/fraction{2}{6} = 1 - /fraction{T₁ - 62}{T₂} ; লেখার জন্য ০৪ নম্বর।
T₂ = 372 K = 99°C ; নির্ণয় করার জন্য ০৩ নম্বর।
T₁ = 310K = 37°C ; নির্ণয় করার জন্য ০৩ নম্বর।
[বিদ্র: একক না লিখলে বা ভুল একক লিখলে ০১ নম্বর কর্তন করা হবে।]",Physics
663,1919.jpg,10.0,,"E = \frac{V}{d} = \frac{100}{0.01} NC^{-1} = 10000 NC^{-1}

বিকল্প: C = \frac{Q}{V} ⇒ Q = CV ⇒ Q = \frac{\epsilon_0 A}{d} \times V ⇒ \frac{Q}{\epsilon_0 A} = \frac{V}{d}

⇒ \epsilon_0 = \frac{V}{d} ⇒ E = \frac{V}{d} = \frac{100}{10 \times 10^{-3}} = 10^4 NC^{-1}

নম্বর বণ্টনঃ

E = \frac{V}{d} ; সূত্র লেখার জন্য ০৪ নম্বর।

E = 10000 NC^{-1} ; নির্ণয় করার জন্য ০৬ নম্বর।

[বিদ্র: একক না লিখলে বা ভুল একক লিখলে ০১ নম্বর কর্তন করা হবে। সূত্র না লিখে সরাসরি মান বসালেও সূত্রের জন্য বরাদ্দকৃত নম্বর পাবে।]",Physics
679,1939.jpg,10.0,,"দেওয়া আছে, Mo₂ = 32, to₂ = 80 sec, tmixture = 85 sec
Xo₂= 0.8, Xunknown = 0.2, Munknown = W
Mmixture = X02 × MO₂ + Xunknown × Munknown = 0.8 × 32 + 0.2 × W = 25.6 + 0.2 × W
We know, √(Mo₂/Mmixture) = (to₂/tmixture)  => 32/(0.2W + 25.6) = (80/85)^2
=> 0.2W + 25.6 = 36.125 => 0.2W = 10.525 => W = 52.625g (Ans.)
.. নির্ণেয় অজানা গ্যাসের আণবিক ভর = 52.625
নম্বর বণ্টন:
Mmixture = X02 × MO₂ + Xunknown × Munknown; সূত্রের জন্য ০১ নম্বর।
Mmixture = 25.6 + 0.2 × W; নির্ণয়ের জন্য ০৪ নম্বর।
√(Mo₂/Mmixture) = (to₂/tmixture); সূত্রের জন্য ০১ নম্বর।
অজানা গ্যাসের আণবিক ভর = 52.625; নির্ণয়ের জন্য ০৪ নম্বর।
[বিঃদ্র: একক না লিখলে বা ভুল একক লিখলে ০১ নম্বর কর্তন করা হবে। সূত্র না লিখে সরাসরি মান বসালেও গ্রহণযোগ্য হবে।]",Chemistry
685,1950.jpg,10.0,1949.0,"[0, π] ব্যবধিতে sin x ও sin(-x) দ্বারা আবদ্ধ ক্ষেত্রফল,
A<sub>1</sub> = ∫<sub>0</sub><sup>π</sup> {sin x - sin (-x)}dx = [- cos x − cos (-x)]<sub>0</sub><sup>π</sup>
= {− cos π − cos (-π)} - {cos 0 − cos (-0)}
= {- (-1) - (-1)} - {-1 - 1} = 2 - (-2) = 4 বর্গ একক
:: [0, 2π] ব্যবধিতে আবদ্ধ ক্ষেত্রফল = (2 × 4) বর্গ একক = 8 বর্গ একক
নম্বর বণ্টনঃ
A<sub>1</sub> = {− cos π − cos (-π)} - {cos 0 − cos (-0)}; নির্ণয় করার জন্য 04 নম্বর।
A<sub>1</sub> = 4 বর্গ একক; নির্ণয় করার জন্য 02 নম্বর।
[0, 2π] ব্যবধিতে আবদ্ধ ক্ষেত্রফল = 8 বর্গ একক; নির্ণয় করার জন্য 04 নম্বর।
[বিদ্র: বর্গ একক না লিখলে বা ভুল একক লিখলে 01 নম্বর কর্তন করা হবে।]",Math
690,1956.jpg,5.0,1955.0,"মডেলটির খণ্ডিত অংশটি উপবৃত্তকার আকৃতির। BB' ও AA' বরাবর রেখা দুটি উপবৃত্তের অক্ষ।
মনে করি, p(x, y) উপবৃত্তের উপর যেকোনো বিন্দু এবং উপকেন্দ্র s (0,2), উৎকেন্দ্রিকতা, e = /frac{1}{2/}, এবং PM, নিয়ামক রেখা y + 4 = 0 এর উপর
লম্ব।
এখানে, SP = eP M
⇒√(x - 0)² + (y-2)² = /frac{1}{2/} × /frac{y+4}{√12/}
⇒√x² + (y - 2)² = /frac{y+4}{2/} ⇒ x² + (y − 2)² = /frac{y²+8y+16}{4/}
⇒ 4x² + 4y² - 16y + 16 - y² - 8y - 16 = 0
⇒ 4x² + 3y² - 24y = 0 ⇒ 4x² + y² - 8y = 0
⇒ 4x² + (y - 4)² = 16 ⇒ /frac{x²}{3/} + /frac{(y-4)²}{16/} = 1
⇒ /frac{x²}{(2√3)²/} + /frac{(y-4)²}{4²/} = 1 উপবৃত্তের বৃহৎ অক্ষের সমীকরণ, x = 0 ... (i)
এখন, /frac{0²}{(2√3)²/} + /frac{(y-4)²}{4²/} = 1 ⇒ (y - 4)² = 4² ⇒ y - 4 = ±4
∴ y = 8,0 তাহলে, B (0,8) ও B (0,0) (Ans.)
নম্বর বণ্টন:
√(x - 0)² + (y-2)² = /frac{1}{2/} × /frac{y+4}{√12/}; নির্ণয়ের জন্য ০২ নম্বর।
/frac{x²}{12/} + /frac{(y-4)²}{16/} = 1; নির্ণয়ের জন্য ০৪ নম্বর।
y = 8,0 তাহলে, B (0,৪) ও B (0,0) নির্ণয়ের জন্য ০৪ নম্বর।",Math
702,1973.jpg,10.0,1972.0,"0.5 × 9.8 − T₁ = 0.5 × a .... (i)
T₁ − T₂ − 0.1 × 9.8 × sin 30° − 0.1 × 9.8 × 0.15 × cos 30° = 0.1a... (ii)
T₂ − 50 × 10⁻³ × 9.8 = 50 × 10⁻³ × a ... (iii)
এখন, (i) + (ii) + (iii) ⇒
(0.5 × 9.8) − (0.1 × 9.8 × sin 30°) − (0.1 × 9.8 × 0.15 × cos 30°) − (50 × 10⁻³ × 9.8)
= (0.5 + 0.1 + 50 × 10⁻³)a
∴ a = 5.835 ms⁻²
নম্বর বণ্টনঃ
(i), (ii), (iii); লেখার জন্য (০১০ ০৩) = ০৩ নম্বর।
(0.5 × 9.8) − (0.1 × 9.8 × sin 30°) − (0.1 × 9.8 × 0.15 × cos 30°) − (50 × 10⁻³ × 9.8); লেখার জন্য ০৩ নম্বর।
a = 5.835 ms⁻²; নির্ণয় করার জন্য ০৪ নম্বর।
[বিদ্র: একক না লিখলে বা ভুল একক লিখলে ০১ নম্বর কর্তন করা হবে।]",Physics
704,1975.jpg,10.0,,"1/2 kx² = 1/2 mv² ⇒ v = √(260 × 0.03²)/0.012
v = 4.41 ms⁻¹
v² = u² - 2ax ⇒ a = 4.41²/2 × 0.04
a = 243.101 ms⁻²; u² = v² + 2ax'
u² = 0 + 2 × 243.101 × 0.16
u = 8.82 ms⁻¹; 1/2 kx² = 1/2 mu²
x = √(12 × 10⁻³ × 8.82²)/260 ; x = 0.06 m
আরো সংকুচিত করতে হবে = 6 - 3 = 3 cm
বিকল্প:
1/2 kx₁² / 1/2 kx₂² = F × 0.16 / F × 0.04 ⇒ x₂²/x₁² = 4 ⇒ x₂ = 2x₁ = 6 cm
Δx = 3 cm (Ans.)
নম্বর বণ্টনঃ
v = 4.41 ms⁻¹; নির্ণয় করার জন্য ০২ নম্বর।
x = 0.06 m; নির্ণয় করার জন্য ০৫ নম্বর।
আরো সংকুচিত করতে হবে = 3 cm; নির্ণয় করার জন্য ০৩ নম্বর।
[বিদ্র: একক না লিখলে বা ভুল একক লিখলে ০১ নম্বর কর্তন করা হবে।]
বিকল্প নম্বর বণ্টনঃ
1/2 kx₁² / 1/2 kx₂² = F × 0.16 / F × 0.04 ; নির্ণয় করার জন্য ০৩ নম্বর।
x₂ = 6 cm; নির্ণয় করার জন্য ০৪ নম্বর।",Physics
722,1997.jpg,10.0,,"LiAlH4
(a) HCHO ———> CH3OH ———> CH3Cl ———> CH3CN ———> 

CH3COOH ———> CH3CHO

[O]
[O]
(b) CH3CH2OH ———> CH3CHO ———> CH3COOH ———> 

KOH(aq)
CH3CONH2 ———> CH3NH2 ———> CH3OH

NH3
Δ
Br2
HNO2

নম্বর বণ্টনঃ
(a) মিথান্যাল থেকে ইথান্যাল প্রস্তুতির জন্য ০৫ নম্বর।
(b) ইথানল থেকে মিথানল প্রস্তুতির জন্য ০৫ নম্বর।",Chemistry
